tweet id,time of tweet,user id,text
1544086485673988096,2022-07-04 22:31:20+00:00,1510719942076817419,@pcbenjamin4 @highest_finance is transforming defi using chess strategies to win the game on the #autocompounding‚Ä¶ https://t.co/syUhkweXCK
1544086276248305665,2022-07-04 22:30:30+00:00,1474674668045021186,@MMCrypto So is @VoltInuOfficial !  Check us out before the masses do!  Let‚Äôs go!!!  @VoltInuOfficial #VOLT‚Ä¶ https://t.co/hCK00S3Cyp
1544086167020347394,2022-07-04 22:30:04+00:00,1353712118684639240,CRYPTO NEWS:  #Bitcoin at the WEF: What did the world‚Äôs elite think of crypto? https://t.co/JGWogY5eN1 #altcoin‚Ä¶ https://t.co/ePYXjnK6Ai
1544086111345168384,2022-07-04 22:29:51+00:00,1248575281331417088,Rectangle Finance (ANGLE) went down 10.7 percent in the last 1 minutes on https://t.co/rgEAV9gIXu. #ANGLE  #crypto‚Ä¶ https://t.co/SYZkH1w0La
1544086081490010119,2022-07-04 22:29:44+00:00,1451426931543531521,@CryptosGemsCom $PBX is still at the early stage and it has been listed on top exchange platforms. You can trade it‚Ä¶ https://t.co/eyR78Qw5Ju
1544085515271651332,2022-07-04 22:27:29+00:00,1474674668045021186,@VoltInuOfficial @KenanGrace @KenanGrace let‚Äôs Volt before the mainstream media finds out what all the fuss is abou‚Ä¶ https://t.co/Bbe2S6JEal
1544085502999027712,2022-07-04 22:27:26+00:00,1510719942076817419,@Eminentpdd @highest_finance is transforming defi using chess strategies to win the game on the #autocompounding‚Ä¶ https://t.co/YeGao8rrYM
1544085093500723201,2022-07-04 22:25:48+00:00,1474674668045021186,@dillondanis @VoltInuOfficial Welcome to the team @dillondanis !   @VoltInuOfficial #VOLT #VOLTINU $VOLT #SHIBARMY‚Ä¶ https://t.co/v0TsJ8zboh
1544085059891757056,2022-07-04 22:25:40+00:00,1510719942076817419,@hpos10i05 @highest_finance is transforming defi using chess strategies to win the game on the #autocompounding‚Ä¶ https://t.co/E8fCMGBTCj
1544084859781521408,2022-07-04 22:24:52+00:00,1248575281331417088,Did Celsius Just Repay $120M to Maker? #crypto #bitcoin #cryptocurrency #btc #ethereum #blockchain #eth #trading‚Ä¶ https://t.co/b1xWhckOwS
1544084710942511105,2022-07-04 22:24:17+00:00,1380631762280321027,"Did the bear market begin in May or November??? 

#btc #bitcoin #crypto #altcoin #Altcoins #Web3 #cryptocurrecy"
1544084514707689472,2022-07-04 22:23:30+00:00,1013821726977863680,"#IOST  Trade Setup.
The best entry is around $.0133.
DYOR, Not financial advice.

#Crypto #BTC #altcoin https://t.co/7SYnIYdfnf"
1544084425482420224,2022-07-04 22:23:09+00:00,1474674668045021186,Another UFC fighter has been Volted!  @VoltInuOfficial #VOLT #VOLTINU $VOLT #SHIBARMY #DOGEARMY #VOLTARMY‚Ä¶ https://t.co/CSW0A70QxC
1544084348739063808,2022-07-04 22:22:51+00:00,994113271530582016,What is the best way for U.S. traders to buy #CEL? #CelsiusShortSqueeze #Celsius #celsiusnetwork @CelsiusNetwork‚Ä¶ https://t.co/OS7op3DDpC
1544084269043163136,2022-07-04 22:22:32+00:00,1340695708983316486,"@cyber_bull_ You mean what coin will list Kucoin next?
#SafuuX that's who!

Watch!

@safuuprotocol @safuunews‚Ä¶ https://t.co/HDo5CPzTWk"
1544083937005391875,2022-07-04 22:21:12+00:00,1397480691269611521,"[‚≠êÔ∏èüîµ NEW LISTING‚≠êÔ∏è]
[GGCM] BEING LISTED IN COINMARKETCAP [SUPERAPIV2]

More Info in bio

$AU #Bitcoin #AutoCrypto‚Ä¶ https://t.co/BMtdXyN1RH"
1544083893984174080,2022-07-04 22:21:02+00:00,105036261,@Savagillionaire $GOWLD #GOWLD #ETHEREUM #FORTHECULTURE #UNISWAP #UNI #ALTCOIN #NFT #DEFI #CRYPTO #TOKEN #GEM #RETWEET
1544083761813508098,2022-07-04 22:20:31+00:00,1474674668045021186,@VoltInuOfficial It‚Äôs like a rubber band being pulled back!  Just wait!!!  @VoltInuOfficial #VOLT #VOLTINU $VOLT‚Ä¶ https://t.co/lbTY4VE8pV
1544083647959007233,2022-07-04 22:20:04+00:00,1533155049509163010,@Savagillionaire $GOWLD #GOWLD #ETHEREUM #FORTHECULTURE #UNISWAP #UNI #ALTCOIN #NFT #DEFI #CRYPTO #TOKEN #GEM #RETWEET
1544083393532534785,2022-07-04 22:19:03+00:00,1477759062884421633,Last Week [in] Crypto: Anonymous Investigates Terra‚Äôs Founder. - https://t.co/NrTjMrsb2s - #altcoin #altcoins‚Ä¶ https://t.co/sTOj4V9d4g
1544082986546728961,2022-07-04 22:17:26+00:00,966889263655673858,DEX Screener #Altcoin via https://t.co/GRL3sTowfz https://t.co/fN6aKt978A
1544082949246705664,2022-07-04 22:17:17+00:00,1534563275492536325,"The #VOLTARMY do not stop in any market‚ö°Ô∏è‚ö°Ô∏è‚ö°Ô∏è

@2bitcrypto_YT
#VoltInu
#volttothemoon #voltinu #Next100XGEMS‚Ä¶ https://t.co/cT5WCWGwpO"
1544082558023077889,2022-07-04 22:15:44+00:00,1489946183204315144,"1/ The content of that thread is not financial advice. 
#EOS #altcoin #crypto #cryptocurrency 

EPI (Medium term) :‚Ä¶ https://t.co/XrgvwU4zqx"
1544082508543041536,2022-07-04 22:15:32+00:00,1519177150066491392,Best #altcoin to buy right now is @ _______?? üî•üî•
1544081669338062850,2022-07-04 22:12:12+00:00,1214957598073589760,"$DOGE seeing an uptick in chatter on 4chan over the last 24 hoursVia https://t.co/XRrQ45IqT0#doge    #4chan‚Ä¶ https://t.co/DtfO75QNlU"
1544081427528126464,2022-07-04 22:11:14+00:00,1397480691269611521,"[‚≠êÔ∏èüîµ NEW LISTING‚≠êÔ∏è]
[MILKY] BEING LISTED IN COINMARKETCAP [SUPERAPIV2]

More Info in bio

$AU #Bitcoin #AutoCrypto‚Ä¶ https://t.co/vf19uomOU0"
1544080994810077186,2022-07-04 22:09:31+00:00,1489002397125029890,üßê Best #altcoin to buy right now is @ _______? üëá
1544080821770133504,2022-07-04 22:08:50+00:00,1475644631291338756,"Not bad for a quick pump.
Getting ready for shortsüî¥üê∫
#Bitcoin #altcoin https://t.co/5IhXyQxCxJ"
1544080414268063748,2022-07-04 22:07:13+00:00,1248575281331417088,SportsIcon (ICONS) went down 11.9 percent in the last 1 minutes on https://t.co/rgEAV9gIXu. #ICONS  #crypto‚Ä¶ https://t.co/9stfeataGt
1544080279454617600,2022-07-04 22:06:40+00:00,1376954378595180550,"Terra returns? LUNC, LUNA2.0, and USTC noting gains - 

https://t.co/xTtM09zVoh

#Crypto #CryptoNews #CryptoTrends‚Ä¶ https://t.co/XO9iyma9eX"
1544080142213025802,2022-07-04 22:06:08+00:00,1248575281331417088,SportsIcon (ICONS) went up 12.4 percent in the last 1 minutes on https://t.co/rgEAV9gIXu. #ICONS  #crypto #bitcoin‚Ä¶ https://t.co/S69DxxWdiI
1544079982606946307,2022-07-04 22:05:30+00:00,1307621680261394433,"Shill me your next 100x #altcoin! üíé

I'm buying üí≥"
1544079219998789634,2022-07-04 22:02:28+00:00,1248575281331417088,Merit Circle (MC) went up 13.8 percent in the last 30 minutes on Binance. #MC  #crypto #bitcoin #cryptocurrency‚Ä¶ https://t.co/f03hF31jau
1544078727474282502,2022-07-04 22:00:30+00:00,1315568371753259008,"üêã #Altcoins Whales Update üêã

üö® Last 4 hours of #Altcoin-Exchange transactions üö®

When $-Value &gt; 0 = More deposits üìâ‚Ä¶ https://t.co/Pb0MlzauGR"
1544078717256966144,2022-07-04 22:00:28+00:00,1489002397125029890,"üëÄ Any hidden #altcoin gems you would like to share ? üíé

Let me know üëá"
1544078567805435904,2022-07-04 21:59:52+00:00,1248575281331417088,YAM (YAM) went up 9.3 percent in the last 1 minutes on https://t.co/rgEAV9gIXu. #YAM  #crypto #bitcoin‚Ä¶ https://t.co/cL8BAAkexM
1544078194181115906,2022-07-04 21:58:23+00:00,1477960737322672132,"The Universe #Blockchain #Gem üíé

Join our journey here üëâüèª@Universe_Coins üëàüèª

This isn‚Äôt just another Token!
Live Bl‚Ä¶ https://t.co/CGwq4SlGxJ"
1544077311095472134,2022-07-04 21:54:53+00:00,1248575281331417088,ORCA Token (ORCA) went up 9.4 percent in the last 1 minutes on https://t.co/rgEAV9gIXu. #ORCA  #crypto #bitcoin‚Ä¶ https://t.co/Jf6u0TsfVo
1544077307027021827,2022-07-04 21:54:52+00:00,1248575281331417088,CoinLoan Decreases Its Withdrawal Limit by 99% #crypto #bitcoin #cryptocurrency #btc #ethereum #blockchain #eth‚Ä¶ https://t.co/cSx6zatAan
1544077128219648017,2022-07-04 21:54:09+00:00,1454084866262319104,"JOIN THE MOVEMENT BEFORE IT TAKES OFFüöÄüöÄ#VOLTINU #CRYPTO #Ethereum
#DEXTOOLS
#Altcoin #CoinGecko
#CEX #VOLT‚Ä¶ https://t.co/CedtecZhDg"
1544076829920792578,2022-07-04 21:52:58+00:00,1273302466663235586,"@altcryptocom Best #altcoin to buy right now is @DIAdata_org üî•üî•

I believe that we are on a crucial time of the‚Ä¶ https://t.co/qO3HbF1uca"
1544075778975055874,2022-07-04 21:48:47+00:00,1477759062884421633,"Celsius Network Pays off Another $64 Million Bitcoin Loan, Liquidation Price Hits $4,967 - https://t.co/2hFywBelEZ‚Ä¶ https://t.co/G1NBHCMmRS"
1544075085589450755,2022-07-04 21:46:02+00:00,1248575281331417088,Universal Liquidity Union (ULU) went up 13.6 percent in the last 1 minutes on https://t.co/rgEAV9gIXu. #ULU‚Ä¶ https://t.co/toYeXbPHDH
1544074544671080449,2022-07-04 21:43:53+00:00,1496225602692648962,"Ronaldo x Binance deal explanation üé• 

Now up on YouTube üíØ

https://t.co/0Y71MGIVWY

#Ronaldo #Binance‚Ä¶ https://t.co/OmVtHJ37MY"
1544074469827874819,2022-07-04 21:43:35+00:00,1107958211473260544,"You have 1,000 USDT on your wallet &amp; you can buy one from the list below ! Which one:

#BTC
#BNB
#ETH
#QUICK‚Ä¶ https://t.co/b9ERuTMzSa"
1544074229527855106,2022-07-04 21:42:38+00:00,4115027422,"Being willing to confront your nerves is the way to financial freedom.
For the impending #bullrun, purchase and hol‚Ä¶ https://t.co/zwKgvTezOr"
1544074054868602880,2022-07-04 21:41:56+00:00,1492137701633626114,"$SHIV 56% up today! üöÄ 

Let‚Äôs get that reversal going!! 

Buy comp happening now! üí∞ü§ë

https://t.co/6wLIyn8hDZ

Head‚Ä¶ https://t.co/nTyYe5IxQ4"
1544074048950439937,2022-07-04 21:41:55+00:00,1248575281331417088,MetagamZ (METAG) went down 14.0 percent in the last 1 minutes on https://t.co/rgEAV9gIXu. #METAG  #crypto #bitcoin‚Ä¶ https://t.co/tZJddMA8RE
1544073034344046594,2022-07-04 21:37:53+00:00,1248575281331417088,MetagamZ (METAG) went up 20.0 percent in the last 1 minutes on https://t.co/rgEAV9gIXu. #METAG  #crypto #bitcoin‚Ä¶ https://t.co/GpbR3odReS
1544072514623733761,2022-07-04 21:35:49+00:00,1539059629958627328,#EverRise $RISE #EverRiseV3 #EverRiseEDU #DeFi #Crypto #Cryptocurrency #BinanceSmartChain #Risers #NFT #Altcoin #Polygon‚Ä¶
1544072445031723008,2022-07-04 21:35:33+00:00,1376954378595180550,"Should you buy DOGE at the current $0.06 retracement? - 

https://t.co/sehPJMwrMM

#Crypto #CryptoNews‚Ä¶ https://t.co/SfGQLjZRW5"
1544072317550067712,2022-07-04 21:35:02+00:00,1409495589562241031,@Doru5S @CryptoCrunchApp @0xPolygon @MoonbeamNetwork @Movez_app @CelsiusNetwork @solana @Stepnofficial @iEx_ec‚Ä¶ https://t.co/I9BTWqa8L0
1544072057708843010,2022-07-04 21:34:00+00:00,1248575281331417088,Base Protocol (BASE) went up 12.9 percent in the last 1 minutes on https://t.co/rgEAV9gIXu. #BASE  #crypto #bitcoin‚Ä¶ https://t.co/aLuQoFEzHz
1544072012070621185,2022-07-04 21:33:49+00:00,1131324533519077376,"üìåEnsure you check out $POND of @MarlinProtocol.

#Marlin provides a plug-and-play networking alternative to increas‚Ä¶ https://t.co/6TLUyoi5o5"
1544071873117294593,2022-07-04 21:33:16+00:00,1421858782242480133,"@VenomCrypto_ it's a better time to acquire some rare fish at @AmelDiscusCoin 

doxxed dev, lp burnt, irl exotic fi‚Ä¶ https://t.co/IolxCG6hVv"
1544071726652203008,2022-07-04 21:32:41+00:00,1376954378595180550,"For Ethereum traders, this could be a profitable course of action - 

https://t.co/1XpiuQk4F4

#Crypto #CryptoNews‚Ä¶ https://t.co/YDw7codZRw"
1544071455394201608,2022-07-04 21:31:37+00:00,2190105412,@altcryptocom @CryptosGemsCom ‚ö°Ô∏è‚ö°Ô∏è During these market conditions stayking $PBX as little as possible is the best a‚Ä¶ https://t.co/X2o0uz6zyp
1544071233091805184,2022-07-04 21:30:44+00:00,1405131947790290947,"Here‚Äôs Key Feature That Cardano Receives After Vasil Hardfork

üí° https://t.co/FIeU4kr8fP

#cardano #ADA #lovelace‚Ä¶ https://t.co/zlRUT0JQe7"
1544071224761978880,2022-07-04 21:30:42+00:00,1405131947790290947,"Cardano Vasil Hard Fork On The Horizon, Will ADA React To The Upside?

üí° https://t.co/pcsaA4GDWI

#cardano #ADA‚Ä¶ https://t.co/J2dGr8iQpv"
1544070827473346560,2022-07-04 21:29:07+00:00,1248575281331417088,BitShares PTS (PTS) went up 8.4 percent in the last 1 minutes on https://t.co/rgEAV9gIXu. #PTS  #crypto #bitcoin‚Ä¶ https://t.co/6ARIE8cR46
1544070752193761280,2022-07-04 21:28:49+00:00,1376954378595180550,"If Cryptocurrency Was Honest - 

https://t.co/uWVeApAB6o

#Crypto #CryptoNews #CryptoTrends #NFT #NFTNews‚Ä¶ https://t.co/ZudBoorIsz"
1544069756122193921,2022-07-04 21:24:51+00:00,1248575281331417088,The Freedom of Money: A Fundamental Right #crypto #bitcoin #cryptocurrency #btc #ethereum #blockchain #eth #trading‚Ä¶ https://t.co/YsQs3mSLma
1544069109306081281,2022-07-04 21:22:17+00:00,1214957598073589760,"$LUNA seeing sustained chatter on 4chan over the last few daysVia https://t.co/ZLJ2vPBDer#luna    #4chan‚Ä¶ https://t.co/wNyKJgGH3p"
1544068557159514113,2022-07-04 21:20:06+00:00,1248575281331417088,Gari Network (GARI) went down 12.2 percent in the last 1 minutes on https://t.co/rgEAV9gIXu. #GARI  #crypto‚Ä¶ https://t.co/c7zyNp9S9o
1544068552658935808,2022-07-04 21:20:05+00:00,1353712118684639240,CRYPTO NEWS:  Supply chain thwacking: VeChain‚Äôs $100M https://t.co/wROHzHkZh8 #altcoin #altcoinnews #crypto‚Ä¶ https://t.co/sBDbkkHigy
1544068034884767744,2022-07-04 21:18:01+00:00,1248575281331417088,BitShares PTS (PTS) went down 14.7 percent in the last 1 minutes on https://t.co/rgEAV9gIXu. #PTS  #crypto #bitcoin‚Ä¶ https://t.co/L5kkMdkRDE
1544067520985956355,2022-07-04 21:15:59+00:00,1248575281331417088,YAM (YAM) went down 11.2 percent in the last 1 minutes on https://t.co/rgEAV9gIXu. #YAM  #crypto #bitcoin‚Ä¶ https://t.co/WJRD8ep2jb
1544067441168306176,2022-07-04 21:15:40+00:00,1376954378595180550,"Bitcoin's Chart is Disastrous, Could Fall to $14,600 Next: Claims Analyst - 

https://t.co/2E3ZeUuEMZ

#Crypto‚Ä¶ https://t.co/9vDaTly1TU"
1544067299648458755,2022-07-04 21:15:06+00:00,2892666531,#EverRise $RISE #EverRiseV3 #EverRevoke #DeFi #Crypto #Cryptocurrency #ETH #Altseason2022 #Altseason2022 #NFT #AVAX‚Ä¶ https://t.co/rQQVi2O2hb
1544067294707474436,2022-07-04 21:15:05+00:00,1468280210885951492,#EverRise $RISE #EverRiseV3 #EverRevoke #DeFi #Crypto #Cryptocurrency #ETH #Altseason2022 #Altseason2022 #NFT #AVAX‚Ä¶ https://t.co/J1AtB5Sydw
1544066853563154432,2022-07-04 21:13:19+00:00,1289655431632228352,"Amazing effort from the team for this¬†$OCEAN #OceanONDA V4 tutorial.

It's time to start learning and making money.‚Ä¶ https://t.co/J7kp8X9TZf"
1544066578328829952,2022-07-04 21:12:14+00:00,1541889999590785030,@altcryptocom I‚Äôm into Ethereum and  it is the best #Altcoin to purchase @gate_io
1544066346094399495,2022-07-04 21:11:18+00:00,1397480691269611521,"[‚≠êÔ∏èüîµ NEW LISTING‚≠êÔ∏è]
[LEVER] BEING LISTED IN COINMARKETCAP [SUPERAPIV2]

More Info in bio

$AU #Bitcoin #AutoCrypto‚Ä¶ https://t.co/cyS6NN3lqK"
1544066015960506368,2022-07-04 21:10:00+00:00,133027929,BREAKING NEWS: @Crema_Finance Latest Hack Sees $8 million lost to Theft #cremafinance #bitcoin #crypto #altcoin‚Ä¶ https://t.co/uNVNoaiZTF
1544065780496703489,2022-07-04 21:09:04+00:00,1519997309546811393,"Build n Build üõ†Ô∏è

Which  gems üíé have kept building. Which ones are ready for a 100x ? 

#altcoin #memecoin #eth #bnb #bsc #crypto #cro"
1544065658681303040,2022-07-04 21:08:35+00:00,1376954378595180550,"How likely will Ethereum rebound at the $1000 - 

https://t.co/ESUPEWMwsB

#Crypto #CryptoNews #CryptoTrends #NFT‚Ä¶ https://t.co/kYqGpD7Dn9"
1544064758013235201,2022-07-04 21:05:00+00:00,211729696,"#Binance  needs to list ________ ??üî•üî•
#Altcoin #Bscgem"
1544064441540542465,2022-07-04 21:03:44+00:00,1333869970795720706,@Doru5S @travalacom @tezos @iEx_ec #Altcoin investors should take notice of iExec. They are a rapidly growing start‚Ä¶ https://t.co/3oabz6O4mm
1544064288893149192,2022-07-04 21:03:08+00:00,1531312166506311680,Current BTC Dominance: 42.25% #Bitcoin #Altcoin #Cryptocurrency
1544063507762642947,2022-07-04 21:00:02+00:00,941278501302362114,Current BTC Dominance: 42.2% #Bitcoin #Altcoin #Cryptocurrency
1544063224676552707,2022-07-04 20:58:54+00:00,1248575281331417088,Sway Social Protocol (SWAY) went up 10.6 percent in the last 1 minutes on https://t.co/rgEAV9gIXu. #SWAY  #crypto‚Ä¶ https://t.co/N5bzscavIb
1544062866894233600,2022-07-04 20:57:29+00:00,1064777024667975680,Shill me your #Altcoin will go To the moon üåöüî•üöÄ
1544062227514269702,2022-07-04 20:54:56+00:00,1248575281331417088,https://t.co/AczxTeLgFj (CFI) went up 9.3 percent in the last 1 minutes on https://t.co/rgEAV9gIXu. #CFI  #crypto‚Ä¶ https://t.co/9ZI8dk2CAw
1544061926212358151,2022-07-04 20:53:45+00:00,1214682561072500736,"Everyone in #Crypto need to #hodl some amount of $Marvin because it is really worth it.

#altcoin #Metaverse‚Ä¶ https://t.co/daM82gEP1U"
1544061583759998981,2022-07-04 20:52:23+00:00,1520943243462156289,Shill me the next #100xgem ! ü§ëü§ëüî•#metaverse #altcoin #memecoin #GameFi #cryptocurrency #Crypto #Bitcoin¬†¬†¬† #Cardano #Ethe‚Ä¶
1544061509940150272,2022-07-04 20:52:05+00:00,1379785581492805632,@cryptoworld202 One of my favorite #altcoin is $EBOX from @ebox_official . A on-chain escrow platform that has safe‚Ä¶ https://t.co/4sg5w5POm4
1544060978374926336,2022-07-04 20:49:59+00:00,1248575281331417088,https://t.co/LqdySbhj1v (HOGE) went up 8.6 percent in the last 1 minutes on https://t.co/rgEAV9yjP2. #HOGE  #crypto‚Ä¶ https://t.co/jLk2ILfPBB
1544060731288698880,2022-07-04 20:49:00+00:00,1517796456949817347,Which #altcoin do you think will make a 100x in July? üßê
1544060552154169350,2022-07-04 20:48:17+00:00,1504664990804029441,1/33#CRYPTO‚Äôs LARGEST üÜì#AIRDROP for all #Ethereum #altcoin holders!Receive a 1:1 copy of your favorite token on a Cheape‚Ä¶
1544058754731282435,2022-07-04 20:41:09+00:00,1501987426474016769,"#MarvinInu has the best team and community. $Marvin is inevitable.

https://t.co/nVcm4ZCOEh

@Marvin_Inu #Binance‚Ä¶ https://t.co/MZ8A0b6N8K"
1544058294868017152,2022-07-04 20:39:19+00:00,1541057795810017281,"@OfficialTravlad @elonmusk like this project @ElonSquarePants
#BSCGems #BSCGems #altcoin #Altcoins #MemeToken‚Ä¶ https://t.co/ivoDB8FsOq"
1544058184632963073,2022-07-04 20:38:53+00:00,1376954378595180550,"Celsius Network Pays off Another $64 Million Bitcoin Loan, Liquidation Price Hits $4,967 -‚Ä¶ https://t.co/fcIZ6DLhl8"
1544058009747439619,2022-07-04 20:38:11+00:00,1412093283371790336,@altcryptocom The best #altcoin to buy right now is #floki
1544057800543727618,2022-07-04 20:37:21+00:00,1448731099996336132,"$BEZOGE is burning 1% and rewarding holders with 1% on every transaction ü§ëü§ë 
 #LegendsOfBezogia #BEZOGE‚Ä¶ https://t.co/LhffHckFwY"
1544057728280465408,2022-07-04 20:37:04+00:00,1541057795810017281,"@WatcherGuru @elonmusk love this project @ElonSquarePants
#elonsquarepants #BSCGems #BSCGEM #altcoin #Binance‚Ä¶ https://t.co/8qFDyvp1kc"
1544057676275007491,2022-07-04 20:36:51+00:00,2787862885,"1 Bitcoin ( #BTC )
Dollar: 19,747.99$ 

1 Bitcoin Cash ( #BCH )
Dollar: 1,06.19$ 

1 Ethereum ( #ETH )
Dollar: 1,11‚Ä¶ https://t.co/tbdjdPSASe"
1544057304206688257,2022-07-04 20:35:23+00:00,1494753863257239554,"Shill me your next #1000Xgems 
#memecoins #altcoin #ElonMusk"
1544057234358935555,2022-07-04 20:35:06+00:00,249178504,This is a great opportunity for developers in the #cryptocurrency industry. #ORENetwork invites developers around t‚Ä¶ https://t.co/42ASDs2u0P
1544056956461236228,2022-07-04 20:34:00+00:00,993112885,"Monstersüëπ  Which #Token #projects do you trust the most‚ùì

#Crypto #BSCGEM #bnb #Altcoin"
1544056863653863431,2022-07-04 20:33:38+00:00,1403289208651923456,@altcryptocom No cap. The best #altcoin to buy right is the #CRYPTON coin of @UtopiaP2P because it's the only‚Ä¶ https://t.co/lsVnFpyPoX
1544056840165916672,2022-07-04 20:33:32+00:00,1541057795810017281,"@1goonrich @1goonrich this meme very nice @ElonSquarePants
#elonsquarepants #BSC #altcoin #Binance #BSCGems https://t.co/F0djkGE6J7"
1544056729683501057,2022-07-04 20:33:06+00:00,1426844973236899842,Sorare Ethereum football NFTs have seen a price increase after Kylian‚Äôs appointment as Ambassador.‚Ä¶ https://t.co/JzfWlTTlhR
1544056702613557253,2022-07-04 20:32:59+00:00,1248575281331417088,Galactic Arena: The NFTverse (GAN) went down 10.5 percent in the last 1 minutes on https://t.co/rgEAV9gIXu. #GAN‚Ä¶ https://t.co/dDlblNEsvK
1544056608426078209,2022-07-04 20:32:37+00:00,1376954378595180550,"Polygon missed another shot at reclaiming $1- Decoding the reasons - 

https://t.co/pUmCWnDozi

#Crypto #CryptoNews‚Ä¶ https://t.co/bebuHrmDQB"
1544056599912009728,2022-07-04 20:32:35+00:00,1541057795810017281,@WatcherGuru found this gems @ElonSquarePants #elonsquarepants #binance #BSC #altcoin https://t.co/wxN6Y17Ylw
1544056505858752512,2022-07-04 20:32:12+00:00,1214957598073589760,"$DRS seeing an uptick in chatter on 4chan over the last 24 hoursVia https://t.co/EvgesKFdvE#drs    #4chan‚Ä¶ https://t.co/AkVuuqt9i4"
1544056452796628994,2022-07-04 20:32:00+00:00,1376222767452938248,"Buy #CML on https://t.co/kt8jzu21bW 

https://t.co/dB9hSAsnk1 üê´

#awardwinning #cardano #camels #sahara #hodl‚Ä¶ https://t.co/8njvTTQfmG"
1544056098142945280,2022-07-04 20:30:35+00:00,1450949938146328582,Shill me your potential 100x gems! #altcoin üíéüíé
1544055701361856512,2022-07-04 20:29:01+00:00,1248575281331417088,Galactic Arena: The NFTverse (GAN) went up 9.5 percent in the last 1 minutes on https://t.co/rgEAV9gIXu. #GAN‚Ä¶ https://t.co/PkGULjaiha
1544055451511406597,2022-07-04 20:28:01+00:00,20859174,Show off your beautiful NFTs in your (art)works! #nft #investing #altcoin   #contemporaryart #nftnews‚Ä¶ https://t.co/rKCfjTZvwt
1544055114075455490,2022-07-04 20:26:41+00:00,1248575281331417088,"ETH Price Analysis:¬†Ethereum Recovers 8% in 4 Days, Here‚Äôs The Next Bullish Target #crypto #bitcoin #cryptocurrency‚Ä¶ https://t.co/jxz2qJ7909"
1544055106378809347,2022-07-04 20:26:39+00:00,200113109,DeFi is the future of finance and #DAO makes it unique and give power to investors. I'm happy to see it get integra‚Ä¶ https://t.co/QLfWXDx2zY
1544054879324213250,2022-07-04 20:25:45+00:00,1456996941246705664,"get in $BEZOGE before it's too late ‚è≥‚è≥ 
 #LegendsOfBezogia #PLAYTOEARNGAMES #Crypto #PlaytoEarn #NFTs #play2earn‚Ä¶ https://t.co/KcLAAgYkj7"
1544054437408301057,2022-07-04 20:23:59+00:00,200113109,@oreprotocol partnered with the best block producers in the industry and they're working on integrating more. The a‚Ä¶ https://t.co/Fu8DJcYJu8
1544054389593309186,2022-07-04 20:23:48+00:00,1543144204465049600,"@magicalinubsc üê∂ Everyone in the galaxy is gonna hear about $MINU
üåçWebsite activated !
üî• 100/100 
@token_sniffer fo‚Ä¶ https://t.co/x1jTJVsEW7"
1544053573641592832,2022-07-04 20:20:33+00:00,1376954378595180550,"Dubai Is Preparing to Take Its Government to the Metaverse ‚Äì Metaverse Bitcoin News - 

https://t.co/kapqJd77GY‚Ä¶ https://t.co/tc45hJgKGN"
1544053421950517248,2022-07-04 20:19:57+00:00,2424259633,"What #Altcoin is due to pump 10 x next üßê
#BSCGemsAlert #BSC #BSCGems #cryptocurrency"
1544053417886228481,2022-07-04 20:19:56+00:00,1248575281331417088,Hypersign Identity Token (HID) went down 11.4 percent in the last 1 minutes on https://t.co/rgEAV9gIXu. #HID‚Ä¶ https://t.co/fzLmARDIPZ
1544053192098566146,2022-07-04 20:19:02+00:00,1248575281331417088,3X Long Ethereum Token (ETHBULL) went down 25.1 percent in the last 1 minutes on https://t.co/rgEAV9gIXu. #ETHBULL‚Ä¶ https://t.co/gY0c8iNsuQ
1544053156610555913,2022-07-04 20:18:54+00:00,1535084262579388443,"#bitcoin confirmed bullish breakout, get ready #altcoin holders. üëÄ https://t.co/J6rPhTJSke"
1544052914456563714,2022-07-04 20:17:56+00:00,1477759062884421633,Hacker wants 10 Bitcoin in exchange for Chinese citizens' stolen data - https://t.co/Adm6b4f85u - #altcoin‚Ä¶ https://t.co/EpGNyIWQZy
1544052902263767046,2022-07-04 20:17:53+00:00,245369713,"In this bear season, one of the best thing to do is to start BUIDLing. #ORENetwork is a suitable platform that prov‚Ä¶ https://t.co/ZFZPNhyeCq"
1544052690753306626,2022-07-04 20:17:03+00:00,1348758903748780034,"@elonmusk Happy 4 July
#Crowcoin #CRO #crow #AltcoinSeason2022 #Birdseasons #altcoin #CROGEMS #Crofam $CROW‚Ä¶ https://t.co/j5f6u8TnSN"
1544052388549611522,2022-07-04 20:15:51+00:00,245369713,Finding and investing in a good project like @oreprotocol will create huge wealth in the next bull run. They have a‚Ä¶ https://t.co/MIoVIrbJra
1544052254046560257,2022-07-04 20:15:19+00:00,1482801286932316162,"@bananabayc @ZinuToken $ZINU #ZINUNEWS will be the best new project in 2022, get in before #Zinu moons. Has the top‚Ä¶ https://t.co/bbBh8fh9pV"
1544052149029593092,2022-07-04 20:14:54+00:00,1248575281331417088,Hypersign Identity Token (HID) went up 19.9 percent in the last 1 minutes on https://t.co/rgEAV9gIXu. #HID  #crypto‚Ä¶ https://t.co/Ssg16A7gUC
1544051755545247747,2022-07-04 20:13:20+00:00,1499845033322819587,"Goldchain Galaxy SILVER Membership 50% OFF 

Grab one before July 15th üëâ https://t.co/SHK9CdygcH

#binaryoptions‚Ä¶ https://t.co/KVAGoVuwqe"
1544051661513138177,2022-07-04 20:12:57+00:00,1248575281331417088,ORAO (ORAO) went up 8.1 percent in the last 1 minutes on https://t.co/rgEAV9gIXu. #ORAO  #crypto #bitcoin‚Ä¶ https://t.co/cyw3L4igSM
1544051407178928128,2022-07-04 20:11:57+00:00,1248575281331417088,Socean Staked Sol (SCNSOL) went up 10.1 percent in the last 1 minutes on https://t.co/rgEAV9gIXu. #SCNSOL  #crypto‚Ä¶ https://t.co/vd1XyBtMKg
1544051356952141830,2022-07-04 20:11:45+00:00,243899976,@oreprotocol allows developer from anywhere in the world to BUIDL a multichain identities on the $ORE Network. This‚Ä¶ https://t.co/2PZAM8iYVe
1544050899198349314,2022-07-04 20:09:56+00:00,1248575281331417088,KittenFinance (KIF) went up 8.8 percent in the last 1 minutes on https://t.co/rgEAV9gIXu. #KIF  #crypto #bitcoin‚Ä¶ https://t.co/LaMQEB7UAT
1544050850573811714,2022-07-04 20:09:44+00:00,1518895101363335173,"If you buy one #altcoin for the whole life #hodl, which one?

#Eth
#Ada
#Matic
#Bnb
#Sol
#Dot
#Shiba
#Doge
#Luna
???"
1544050696709984256,2022-07-04 20:09:07+00:00,820188531763068928,"WTF #CEEK what going on?? üßêüòúü§™

#altcoin #pump https://t.co/0fpdhrY55D"
1544050653932228609,2022-07-04 20:08:57+00:00,243899976,It's good to know that @EOS_Nation which is the top Block producer on @EOSIO is also a block producer on‚Ä¶ https://t.co/nfvpwsoYcu
1544050642897043458,2022-07-04 20:08:54+00:00,1248575281331417088,KittenFinance (KIF) went down 10.8 percent in the last 1 minutes on https://t.co/rgEAV9gIXu. #KIF  #crypto #bitcoin‚Ä¶ https://t.co/1Nc8CgM38n
1544050618754539522,2022-07-04 20:08:49+00:00,1499845033322819587,"Goldchain Galaxy SILVER Membership 50% OFF 

Grab one before July 15th üëâ https://t.co/Scp39qPKEV

#binaryoptions‚Ä¶ https://t.co/uPaefKfZ9s"
1544050443214536705,2022-07-04 20:08:07+00:00,1467059004480315396,"[positive] ""Circle CEO Refutes Rumor of USDC Collapse Due to Exposure to Troubled Firms"" #CryptoPotato #cryptonews‚Ä¶ https://t.co/RxqMgHz0uQ"
1544050149021913089,2022-07-04 20:06:57+00:00,1248575281331417088,DLP Duck Token (DUCK) went down 14.7 percent in the last 1 minutes on https://t.co/rgEAV9gIXu. #DUCK  #crypto‚Ä¶ https://t.co/3fcTLR6aIx
1544049991085350913,2022-07-04 20:06:19+00:00,1530043697077063680,"Metaverse: Let‚Äôs see the examples 
As we have seen in the past few articles, the #metaverse will merge all aspects‚Ä¶ https://t.co/TBGPw11fzH"
1544049975335821315,2022-07-04 20:06:15+00:00,1405131947790290947,"Crypto Analyst Predicts Wild Cardano (ADA) Price Swing, Sets Downward Target for One Ethereum Rival

üí°‚Ä¶ https://t.co/lfTpyT0FwN"
1544049897598603265,2022-07-04 20:05:57+00:00,1248575281331417088,DLP Duck Token (DUCK) went up 27.5 percent in the last 1 minutes on https://t.co/rgEAV9gIXu. #DUCK  #crypto‚Ä¶ https://t.co/B0A5yyVzeL
1544049598662000640,2022-07-04 20:04:46+00:00,1360636645989441539,"Any hidden #altcoin gems you would like to share ? üíé

Let me know.
üëá"
1544049354696114176,2022-07-04 20:03:47+00:00,1543589344623329282,"What are your altcoin picks for 2022 crypto market ?

#BTC #bitcoin #AltcoinSeason2022  #altcoin #Binance #cryptocurrency #cryptocurrencies"
1544049323482255361,2022-07-04 20:03:40+00:00,1499845033322819587,"Goldchain Galaxy OMEGA Membership 50% OFF 

Grab one before July 15th üëâ https://t.co/Scp39qPKEV

#binaryoptions‚Ä¶ https://t.co/4tCroJBmNO"
1544049167248642051,2022-07-04 20:03:03+00:00,1263616702216048641,"What #altcoin are you stacking this month?

#altcoins #memecoin #bnb #eth #avax #sol #ada"
1544048657116299264,2022-07-04 20:01:01+00:00,1252509835154919424,"Any hidden #altcoin gems you would like to share ? üíé

Let me know.
üëá"
1544048411292450821,2022-07-04 20:00:02+00:00,941278501302362114,Current BTC Dominance: 42.25% #Bitcoin #Altcoin #Cryptocurrency
1544048402001969164,2022-07-04 20:00:00+00:00,1459817350098784261,"üì£ DAILY MARKET RECAP üì£

- total marketcap: 895.5 B$ (+2.07%)
- #altcoin marketcap: 517.2 B$
- #bitcoin dominance: 4‚Ä¶ https://t.co/TWDOIOcEri"
1544047973142765571,2022-07-04 19:58:18+00:00,1527259064916385792,"üíéüö®Shill me your 1000x gems!üíéüëá

#BSCGem #BSCGemAlert #altcoin #memecoin $LUNA #1000x #gems #altcoinseason #Binance¬†¬†¬†¬†        #ETH"
1544047950594187264,2022-07-04 19:58:13+00:00,1527259064916385792,"üíéüö®Shill me your 1000x gems!üíéüëá

#BSCGem #BSCGemAlert #altcoin #memecoin $LUNA #1000x #gems #altcoinseason #Binance¬†¬†¬†¬†       #ETH"
1544047927290728448,2022-07-04 19:58:07+00:00,1527259064916385792,"üíéüö®Shill me your 1000x gems!üíéüëá

#BSCGem #BSCGemAlert #altcoin #memecoin $LUNA #1000x #gems #altcoinseason #Binance¬†¬†¬†¬†     #ETH"
1544047608817147904,2022-07-04 19:56:51+00:00,1472254830567636992,"What #altcoin are you stacking this month?

#altcoins #memecoin #bnb #eth #avax #sol #ada"
1544047561471889409,2022-07-04 19:56:40+00:00,1248575281331417088,Circle CEO Refutes Rumor of USDC Collapse Due to Exposure to Troubled Firms #crypto #bitcoin #cryptocurrency #btc‚Ä¶ https://t.co/ds2wu4JDBv
1544047453099307008,2022-07-04 19:56:14+00:00,1456996941246705664,"#BEZOGE is more than a meme coin, it‚Äôs backed up by a huge play to earn NFT game called #LegendsOfBezogia. üî•üöÄ‚Ä¶ https://t.co/hiwydH6rli"
1544047376012296192,2022-07-04 19:55:56+00:00,1248575281331417088,Wonderland (TIME) went down 13.9 percent in the last 1 minutes on https://t.co/rgEAV9gIXu. #TIME  #crypto #bitcoin‚Ä¶ https://t.co/INMlwNyhQd
1544047106863800321,2022-07-04 19:54:51+00:00,1520898614947688450,Teh Only 1.     #tehgoldenone tehgoldenone #altcoin #eth #altcoins #market #shib #CryptoNews #btc #bitcoin #ethereum #ne‚Ä¶
1544047016866725890,2022-07-04 19:54:30+00:00,1355584805547741186,"BITCOIN PRICE SPIKES TO $20K AS WHALE BOUGHT BTC CONFIRMS SUPPORT 
https://t.co/nQ7iWdSUoK

$btc #crypto‚Ä¶ https://t.co/3386wULb6h"
1544046977381535744,2022-07-04 19:54:21+00:00,2589423217,What‚Äôs your favorite #AltCoin community? üëÄ
1544046272893665280,2022-07-04 19:51:33+00:00,1534217204874498048,"Goldcoin $GLC accumulation. Finally broke out, nie discretely going for yearly and all time highs. Going up!‚Ä¶ https://t.co/RxnENIFq71"
1544045916960718849,2022-07-04 19:50:08+00:00,946432310462775296,@ZachBoychuk @Championsp2e @JamCityHQ We pumped because we are pumping @CADINUTOKEN just confirmed a 2nd listing. D‚Ä¶ https://t.co/Ex1Sluyiby
1544045714577186818,2022-07-04 19:49:19+00:00,946432310462775296,"@WatcherGuru We printing @CADINUTOKEN just confirmed a 2nd listing. DexTrade.. Jump on in!
#CADINUTOKEN
#CADINU‚Ä¶ https://t.co/0iDvYbfe44"
1544045572524490752,2022-07-04 19:48:46+00:00,1499845033322819587,"Goldchain Galaxy Memberships 50% OFF 

Suscribe and download July Results üëâ https://t.co/HhK0AirmIc‚Ä¶ https://t.co/30ESmVEZwd"
1544045395235454977,2022-07-04 19:48:03+00:00,1499845033322819587,"Goldchain Galaxy Memberships 50% OFF 

Suscribe and download July Results üëâ https://t.co/HhK0AirmIc‚Ä¶ https://t.co/Lqr7dLGm6l"
1544045333352775686,2022-07-04 19:47:49+00:00,946432310462775296,@cryptounderdog_ @BadDogsCompany We are on üî•@CADINUTOKEN just confirmed a 2nd listing. DexTrade.. Jump on in!‚Ä¶ https://t.co/icEkScnNmW
1544045064955076610,2022-07-04 19:46:45+00:00,1446154954079625223,@altcryptocom #kiba is the best #altcoin
1544044992490094592,2022-07-04 19:46:27+00:00,946432310462775296,"@CallsEasy Yup printed @CADINUTOKEN just confirmed a 2nd listing. DexTrade.. Jump on in!
#CADINUTOKEN
#CADINU‚Ä¶ https://t.co/M4nNXDc9rj"
1544044949766807556,2022-07-04 19:46:17+00:00,1477759062884421633,Cardano's Vasil upgrade goes live on testnet - https://t.co/OjR9ghRzt9 - #altcoin #altcoins #tokens #money #finance‚Ä¶ https://t.co/NixaeNKxii
1544044810180481027,2022-07-04 19:45:44+00:00,946432310462775296,"@prokey_io Check out this volume @CADINUTOKEN just confirmed a 2nd listing. DexTrade.. Jump on in!
#CADINUTOKEN‚Ä¶ https://t.co/zXhJ95XS64"
1544044486019481600,2022-07-04 19:44:27+00:00,1354832849086640129,@cryptojack Please send $1000 first and then show you which hidden #altcoin I bought with details proof.ü§ëü´°üòú
1544044373389651968,2022-07-04 19:44:00+00:00,1525557752017428480,"Have 1.000$, which #altcoin should I buy? üëá

#memecoin #BSCGems #1000xgem"
1544044372236402688,2022-07-04 19:43:59+00:00,1248575281331417088,Sway Social Protocol (SWAY) went down 12.5 percent in the last 1 minutes on https://t.co/rgEAV9gIXu. #SWAY  #crypto‚Ä¶ https://t.co/33vfNhd8yd
1544044338971377668,2022-07-04 19:43:52+00:00,946432310462775296,"@BenTodar Don't gamble.. Buy @CADINUTOKEN just confirmed a 2nd listing. DexTrade.. Jump on in!
#CADINUTOKEN
#CADINU‚Ä¶ https://t.co/tcIP1f7D7i"
1544044128203325442,2022-07-04 19:43:01+00:00,946432310462775296,"@CompBrosCrypto Congrats.. We are almost 1 year old
@CADINUTOKEN just confirmed a 2nd listing. DexTrade.. Jump on i‚Ä¶ https://t.co/M9lKwYvCfj"
1544043904827375616,2022-07-04 19:42:08+00:00,946432310462775296,@edz_lozano @SupremeFinance2 Don't miss this pump @CADINUTOKEN just confirmed a 2nd listing. DexTrade.. Jump on in!‚Ä¶ https://t.co/dk7z2rrUp0
1544043862741630983,2022-07-04 19:41:58+00:00,1214957598073589760,"$DOT working its way into the top 20 most mentioned on 4chan over the last 7 daysVia https://t.co/CV4Bj1nEkI‚Ä¶ https://t.co/J7s89fZ3pU"
1544043659032682496,2022-07-04 19:41:09+00:00,946432310462775296,@CaesarsCalls Check out our organic volume @CADINUTOKEN just confirmed a 2nd listing. DexTrade.. Jump on in!‚Ä¶ https://t.co/3FXtdakobV
1544043338315227137,2022-07-04 19:39:53+00:00,946432310462775296,"@OfficialTravlad No Bitcoin.. I hold
@CADINUTOKEN just confirmed a 2nd listing. DexTrade.. Jump on in!
#CADINUTOKEN‚Ä¶ https://t.co/0sguyD378E"
1544043116025548801,2022-07-04 19:39:00+00:00,946432310462775296,"@RaritySniperNFT @TheCrogeKing @CADINUTOKEN just confirmed a 2nd listing. DexTrade.. Jump on in!
#CADINUTOKEN‚Ä¶ https://t.co/CcCTbeeJA2"
1544042828128366592,2022-07-04 19:37:51+00:00,1376954378595180550,"Chainlink traders looking to solidify positions should know that LINK... - 

https://t.co/6Al7UVb6c3

#Crypto‚Ä¶ https://t.co/RWXdYAudSa"
1544042657046859776,2022-07-04 19:37:11+00:00,1448731099996336132,"like this if you're holding $BEZOGE with diamond hands üëêüíéüíé 
 #LegendsOfBezogia #PLAYTOEARNGAMES #Crypto #PlaytoEarn‚Ä¶ https://t.co/qPN69WhxBN"
1544042193761042433,2022-07-04 19:35:20+00:00,1436399251119017993,"KAI

Very clean downtrend.
Break below range, retested it and rejected.
Not interested to long untill we have a wee‚Ä¶ https://t.co/f0H0rBLuG8"
1544042013665857537,2022-07-04 19:34:37+00:00,1454597450816102408,"My #GOLD1 Position Is So Certain To Be My Best #cryptocurrecy Decision Ever, I Had This Custom @Trezor Cold Storage‚Ä¶ https://t.co/hKMYdoJXD7"
1544041186322702337,2022-07-04 19:31:20+00:00,1405131947790290947,"Cardano Vasil Upgrade Launches on Testnet, Brings Improved Features

üí° https://t.co/EKEarpvAuY

#cardano #ADA‚Ä¶ https://t.co/bYNnwPsdWo"
1544041031888277504,2022-07-04 19:30:43+00:00,1493650522456432642,"Shill me your 1000x gems!üëá

#BSCGemsAlert #altcoin #altcoins  #BSCGems #1000Xgems #BSC #BNB¬†¬† #memecoins"
1544040956093255686,2022-07-04 19:30:25+00:00,1248575281331417088,aelf (ELF) went up 10.2 percent in the last 30 minutes on Binance. #ELF  #crypto #bitcoin #cryptocurrency #btc‚Ä¶ https://t.co/AM7mC68osB
1544040818633236481,2022-07-04 19:29:52+00:00,1248575281331417088,Paribus (PBX) went down 11.5 percent in the last 1 minutes on https://t.co/rgEAV9gIXu. #PBX  #crypto #bitcoin‚Ä¶ https://t.co/x9l7X0f1WB
1544040782604156928,2022-07-04 19:29:44+00:00,1476592017408860161,"Bitcoin&amp;Ethereum Going Up as Expected!!! | Update on 1W,1D&amp;4H | Question Mark
Linküëá

https://t.co/9kyVIAlaZy‚Ä¶ https://t.co/c02AhjkBSe"
